<?xml version = "1.0" encoding = "UTF-8" standalone = "yes"?>
<LICENSES>
<LICENSE>
<INFO>
<USER_LICENSE_NO>89692</USER_LICENSE_NO>
<USER_ID>516370</USER_ID>
<USER_ORGANIZATION>NHL university of applied sciences</USER_ORGANIZATION>
<MANAGER_NAME>Wouter van der Ploeg</MANAGER_NAME>
<USER_NAME>-</USER_NAME>
<USER_KIND>astah_professional</USER_KIND>
<USER_VERSION>6.0</USER_VERSION>
<USER_TYPE>TimedLicense</USER_TYPE>
<USER_RUN_FROM>2014/08/26</USER_RUN_FROM>
<USER_RUN_TO>2018/08/26</USER_RUN_TO>
<USER_SUPPORT_FROM>2014/08/26</USER_SUPPORT_FROM>
<USER_SUPPORT_TO>2018/08/26</USER_SUPPORT_TO>
<USER_CONSTRAINT>SingleMachine</USER_CONSTRAINT>
<USER_CONSTRAINT2>Faculty</USER_CONSTRAINT2>
<USER_CONSTRAINT3>-</USER_CONSTRAINT3>
<MACHINE_IDENTIFICATION_INFOMATIONS></MACHINE_IDENTIFICATION_INFOMATIONS>
<USER_ATTENTION>This is a faculty site license designed for educational institutions only.</USER_ATTENTION>
</INFO>
<USER_SIGNATURE>MCwCFDBng7Eshl1GgXWfnu8i4ONkRm62AhRktT3QGKps2xOpnP+rO7ooHkRPoA==</USER_SIGNATURE>
</LICENSE>
</LICENSES>

